id,trial,vis,truePercent,reportedPercent,error

ss,1,pie,19,10,3.189824558880017
ss,2,pie,13,45,5.005624549193878
ss,3,pie,69,12,5.836050355058069
ss,4,bar,34,33,0.16992500144231237
ss,5,bar,21,20,0.16992500144231237
