id,trial,vis,truePercent,reportedPercent,error

isabellll,1,bar,85.8974358974359,3,4.542604131595787
isabellll,2,bar,47.76119402985074,3,3.926341559358043
isabellll,3,bar,43.82022471910113,3,3.834177662489062
isabellll,4,bar,33.80281690140845,3,3.5526061436354524
isabellll,5,bar,28.888888888888886,3,3.378813876229481
isabellll,6,pie,90,3,4.590908118654584
isabellll,7,pie,18.181818181818183,3,2.8450985396183848
isabellll,8,pie,95.06172839506173,3,4.647459312871356
