participantID,trialNum,vis,truePercent,reportedPercent
1614028344817,1,Pie Chart,28.57142857142857,1
1614028344817,2,Stacked Bar Chart,50,2
1614028344817,3,Pie Chart,33.33333333333333,3
1614028344817,4,Bar Graph,85.71428571428571,4
1614028344817,5,Stacked Bar Chart,33.33333333333333,5
1614028344817,6,Stacked Bar Chart,33.33333333333333,6
